{"F": [[1.58392429e-06, 2.4249189e-08, -0.000740022349], [-2.05925281e-08, 1.54211788e-06, -0.000430077932], [-0.0015212928, -0.00103792264, 1.0]], "e_muscle": [462.8438835043551, 285.0683866966613, 1.0], "e_kin": [969.0102196529022, 657.8128287858956, 1.0], "muscle_kin_ratio": 0.7300976920101617, "ref_kin_pts": [[1046, 258], [840, 855], [632, 400], [1203, 723]], "ref_muscle_pts": [[174, 223], [614, 380], [276, 522], [505, 141]]}